Name,PhoneNumber,Email,Address
John Deo,1,example1@gmail.com,75
Max Ruin,2,example2@gmail.com,85
Arnold,3,example3@gmail.com,55
Krish Star,4,example4@gmail.com,60
John Mike,5,example5@gmail.com,60
Alex John,6,example6@gmail.com,55
My John Rob,7,example7@gmail.com,78
Asruid,8,example8@gmail.com,85
Tes Qry,9,example9@gmail.com,456
Big John,10,example10@gmail.com,55
Ronald,11,example11@gmail.com,89
Recky,12,example12@gmail.com,94
Kty,13,example13@gmail.com,88
Bigy,14,example14@gmail.com,88
Tade Row,15,example15@gmail.com,88
Gimmy,16,example16@gmail.com,88
Tumyu,17,example17@gmail.com,54
Honny,18,example18@gmail.com,75
Tinny,19,example19@gmail.com,18
Jackly,20,example20@gmail.com,65
Babby John,21,example21@gmail.com,69
Reggid,22,example22@gmail.com,55
Herod,23,example23@gmail.com,79
Tiddy Now,24,example24@gmail.com,78
Giff Tow,25,example25@gmail.com,88
Crelea,26,example26@gmail.com,79
Big Nose,27,example27@gmail.com,81
Rojj Base,28,example28@gmail.com,86
Tess Played,29,example29@gmail.com,55
Reppy Red,30,example30@gmail.com,79
Marry Toeey,31,example31@gmail.com,88
Binn Rott,32,example32@gmail.com,90
Kenn Rein,33,example33@gmail.com,96
Gain Toe,34,example34@gmail.com,69
